lag,corr,n_valid,pair
-6,-0.0368,94,EX-EMO
-5,-0.0976,95,EX-EMO
-4,-0.0669,96,EX-EMO
-3,-0.0736,97,EX-EMO
-2,-0.1574,98,EX-EMO
-1,0.1803,99,EX-EMO
0,0.4777,100,EX-EMO
1,0.1751,99,EX-EMO
2,0.029,98,EX-EMO
3,-0.0081,97,EX-EMO
4,-0.0871,96,EX-EMO
5,-0.1819,95,EX-EMO
6,-0.0715,94,EX-EMO
-6,-0.0411,94,EX-COG
-5,-0.0658,95,EX-COG
-4,-0.0137,96,EX-COG
-3,0.1738,97,EX-COG
-2,-0.0441,98,EX-COG
-1,-0.0032,99,EX-COG
0,0.2197,100,EX-COG
1,0.06,99,EX-COG
2,-0.0459,98,EX-COG
3,-0.1575,97,EX-COG
4,0.0179,96,EX-COG
5,0.0934,95,EX-COG
6,0.0332,94,EX-COG
-6,0.1094,94,EX-MD
-5,-0.1218,95,EX-MD
-4,-0.198,96,EX-MD
-3,-0.0602,97,EX-MD
-2,-0.1376,98,EX-MD
-1,0.0211,99,EX-MD
0,0.3836,100,EX-MD
1,0.1833,99,EX-MD
2,-0.0395,98,EX-MD
3,-0.0401,97,EX-MD
4,-0.064,96,EX-MD
5,0.0716,95,EX-MD
6,0.0652,94,EX-MD
-6,-0.0895,94,EMO-COG
-5,-0.0926,95,EMO-COG
-4,-0.0596,96,EMO-COG
-3,0.1045,97,EMO-COG
-2,0.0898,98,EMO-COG
-1,-0.0264,99,EMO-COG
0,0.2423,100,EMO-COG
1,0.082,99,EMO-COG
2,-0.1241,98,EMO-COG
3,-0.1117,97,EMO-COG
4,-0.1427,96,EMO-COG
5,0.1421,95,EMO-COG
6,0.1268,94,EMO-COG
-6,0.0513,94,EMO-MD
-5,-0.0734,95,EMO-MD
-4,-0.2157,96,EMO-MD
-3,-0.164,97,EMO-MD
-2,-0.2029,98,EMO-MD
-1,0.056,99,EMO-MD
0,0.4687,100,EMO-MD
1,0.19,99,EMO-MD
2,-0.0461,98,EMO-MD
3,-0.0159,97,EMO-MD
4,-0.0016,96,EMO-MD
5,-0.0131,95,EMO-MD
6,0.1001,94,EMO-MD
-6,0.1428,94,COG-MD
-5,-0.0193,95,COG-MD
-4,0.0195,96,COG-MD
-3,0.0474,97,COG-MD
-2,-0.1166,98,COG-MD
-1,-0.0189,99,COG-MD
0,0.0316,100,COG-MD
1,0.0823,99,COG-MD
2,0.0107,98,COG-MD
3,0.0589,97,COG-MD
4,0.0062,96,COG-MD
5,-0.1562,95,COG-MD
6,0.023,94,COG-MD
