event,window,construct,n_yes,n_total_posts,status
Log4Shell,pre_baseline,EX,135,2262,comfortable
Log4Shell,pre_baseline,EMO,354,2262,comfortable
Log4Shell,pre_baseline,COG,56,2262,comfortable
Log4Shell,pre_baseline,MD,125,2262,comfortable
Log4Shell,crisis,EX,37,542,comfortable
Log4Shell,crisis,EMO,89,542,comfortable
Log4Shell,crisis,COG,23,542,marginal
Log4Shell,crisis,MD,25,542,marginal
Log4Shell,hangover,EX,69,929,comfortable
Log4Shell,hangover,EMO,151,929,comfortable
Log4Shell,hangover,COG,24,929,marginal
Log4Shell,hangover,MD,55,929,comfortable
Log4Shell,late_tail,EX,119,1887,comfortable
Log4Shell,late_tail,EMO,303,1887,comfortable
Log4Shell,late_tail,COG,58,1887,comfortable
Log4Shell,late_tail,MD,103,1887,comfortable
SolarWinds,pre_baseline,EX,108,2116,comfortable
SolarWinds,pre_baseline,EMO,295,2116,comfortable
SolarWinds,pre_baseline,COG,62,2116,comfortable
SolarWinds,pre_baseline,MD,73,2116,comfortable
SolarWinds,crisis,EX,28,544,marginal
SolarWinds,crisis,EMO,74,544,comfortable
SolarWinds,crisis,COG,14,544,marginal
SolarWinds,crisis,MD,20,544,marginal
SolarWinds,hangover,EX,61,838,comfortable
SolarWinds,hangover,EMO,141,838,comfortable
SolarWinds,hangover,COG,19,838,marginal
SolarWinds,hangover,MD,41,838,comfortable
SolarWinds,late_tail,EX,113,1622,comfortable
SolarWinds,late_tail,EMO,251,1622,comfortable
SolarWinds,late_tail,COG,43,1622,comfortable
SolarWinds,late_tail,MD,82,1622,comfortable
CrowdStrike,pre_baseline,EX,213,2906,comfortable
CrowdStrike,pre_baseline,EMO,504,2906,comfortable
CrowdStrike,pre_baseline,COG,78,2906,comfortable
CrowdStrike,pre_baseline,MD,184,2906,comfortable
CrowdStrike,crisis,EX,85,875,comfortable
CrowdStrike,crisis,EMO,172,875,comfortable
CrowdStrike,crisis,COG,27,875,marginal
CrowdStrike,crisis,MD,63,875,comfortable
CrowdStrike,hangover,EX,117,1570,comfortable
CrowdStrike,hangover,EMO,292,1570,comfortable
CrowdStrike,hangover,COG,49,1570,comfortable
CrowdStrike,hangover,MD,93,1570,comfortable
CrowdStrike,late_tail,EX,137,2235,comfortable
CrowdStrike,late_tail,EMO,365,2235,comfortable
CrowdStrike,late_tail,COG,60,2235,comfortable
CrowdStrike,late_tail,MD,146,2235,comfortable
MOVEit,pre_baseline,EX,160,2281,comfortable
MOVEit,pre_baseline,EMO,380,2281,comfortable
MOVEit,pre_baseline,COG,80,2281,comfortable
MOVEit,pre_baseline,MD,121,2281,comfortable
MOVEit,crisis,EX,31,530,comfortable
MOVEit,crisis,EMO,110,530,comfortable
MOVEit,crisis,COG,10,530,marginal
MOVEit,crisis,MD,34,530,comfortable
MOVEit,hangover,EX,83,1136,comfortable
MOVEit,hangover,EMO,216,1136,comfortable
MOVEit,hangover,COG,39,1136,comfortable
MOVEit,hangover,MD,71,1136,comfortable
MOVEit,late_tail,EX,177,2177,comfortable
MOVEit,late_tail,EMO,412,2177,comfortable
MOVEit,late_tail,COG,81,2177,comfortable
MOVEit,late_tail,MD,159,2177,comfortable
