bat_threshold,cve_threshold,diff_order,criterion,lag,direction,f_stat,p_value
n_bat_ge1,n_cve_run1,1,AIC,55,cve_to_bat,1.7844,0.000373
n_bat_ge1,n_cve_run1,1,BIC,20,cve_to_bat,3.2063,2e-06
n_bat_ge1,n_cve_run1,1,AIC,55,bat_to_cve,2.0469,1e-05
n_bat_ge1,n_cve_run1,1,BIC,20,bat_to_cve,5.3237,0.0
n_bat_ge1,n_cve_run2,1,AIC,50,cve_to_bat,1.226,0.133898
n_bat_ge1,n_cve_run2,1,BIC,13,cve_to_bat,1.1341,0.324243
n_bat_ge1,n_cve_run2,1,AIC,50,bat_to_cve,1.7163,0.001382
n_bat_ge1,n_cve_run2,1,BIC,13,bat_to_cve,4.5096,0.0
n_bat_ge2,n_cve_run1,1,AIC,55,cve_to_bat,1.2514,0.102224
n_bat_ge2,n_cve_run1,1,BIC,14,cve_to_bat,4.9881,0.0
n_bat_ge2,n_cve_run1,1,AIC,55,bat_to_cve,1.6147,0.002946
n_bat_ge2,n_cve_run1,1,BIC,14,bat_to_cve,4.6723,0.0
n_bat_ge2,n_cve_run2,1,AIC,50,cve_to_bat,0.9276,0.618899
n_bat_ge2,n_cve_run2,1,BIC,14,cve_to_bat,1.2894,0.205272
n_bat_ge2,n_cve_run2,1,AIC,50,bat_to_cve,1.6105,0.004403
n_bat_ge2,n_cve_run2,1,BIC,14,bat_to_cve,3.0718,9.3e-05
